id,tasker_id,district,city,created_at
aa6e8400-e29b-41d4-a716-446655440001,770e8400-e29b-41d4-a716-446655440001,Colombo,Colombo,2024-01-16 08:30:00
aa6e8400-e29b-41d4-a716-446655440002,770e8400-e29b-41d4-a716-446655440001,Gampaha,Gampaha,2024-01-16 08:30:00
aa6e8400-e29b-41d4-a716-446655440003,770e8400-e29b-41d4-a716-446655440001,Kalutara,Kalutara,2024-01-16 08:30:00
aa6e8400-e29b-41d4-a716-446655440004,770e8400-e29b-41d4-a716-446655440002,Colombo,Colombo,2024-01-18 10:30:00
aa6e8400-e29b-41d4-a716-446655440005,770e8400-e29b-41d4-a716-446655440002,Gampaha,Negombo,2024-01-18 10:30:00
aa6e8400-e29b-41d4-a716-446655440006,770e8400-e29b-41d4-a716-446655440003,Colombo,Colombo,2024-01-20 07:30:00
aa6e8400-e29b-41d4-a716-446655440007,770e8400-e29b-41d4-a716-446655440003,Gampaha,Gampaha,2024-01-20 07:30:00
aa6e8400-e29b-41d4-a716-446655440008,770e8400-e29b-41d4-a716-446655440004,Kandy,Kandy,2024-01-22 09:30:00
aa6e8400-e29b-41d4-a716-446655440009,770e8400-e29b-41d4-a716-446655440004,Matale,Matale,2024-01-22 09:30:00
aa6e8400-e29b-41d4-a716-446655440010,770e8400-e29b-41d4-a716-446655440005,Colombo,Colombo,2024-01-24 08:30:00
aa6e8400-e29b-41d4-a716-446655440011,770e8400-e29b-41d4-a716-446655440005,Gampaha,Gampaha,2024-01-24 08:30:00
aa6e8400-e29b-41d4-a716-446655440012,770e8400-e29b-41d4-a716-446655440005,Kalutara,Kalutara,2024-01-24 08:30:00
aa6e8400-e29b-41d4-a716-446655440013,770e8400-e29b-41d4-a716-446655440006,Colombo,Colombo,2024-01-26 10:30:00
aa6e8400-e29b-41d4-a716-446655440014,770e8400-e29b-41d4-a716-446655440006,Gampaha,Gampaha,2024-01-26 10:30:00
aa6e8400-e29b-41d4-a716-446655440015,770e8400-e29b-41d4-a716-446655440007,Colombo,Colombo,2024-01-28 09:30:00
aa6e8400-e29b-41d4-a716-446655440016,770e8400-e29b-41d4-a716-446655440007,Gampaha,Gampaha,2024-01-28 09:30:00
aa6e8400-e29b-41d4-a716-446655440017,770e8400-e29b-41d4-a716-446655440007,Kalutara,Kalutara,2024-01-28 09:30:00
